{"cameraMode":{"drawMode":0,"name":"Shaded","section":"Shading Mode"},"sceneLighting":false,"audioPlay":false,"sceneViewState":{"m_AlwaysRefresh":false,"showFog":true,"showSkybox":false,"showFlares":true,"showImageEffects":true,"showParticleSystems":true,"showVisualEffectGraphs":true,"m_FxEnabled":true},"in2DMode":false,"pivot":{"x":-1.1086664199829102,"y":2.405639410018921,"z":-0.23453393578529359},"rotation":{"x":0.09042473137378693,"y":-0.8622941374778748,"z":0.16327163577079774,"w":0.4699418842792511},"size":1.7356772422790528,"orthographic":false}